"BROKEN","EPIC","FAILED","FEATURE","PASSED","SKIPPED","STORY","UNKNOWN"
"0","OpenCart UI自动化测试","0","注册模块","4","0","字段校验","0"
"0","OpenCart UI自动化测试","0","登录模块","1","0","安全测试","0"
"0","OpenCart UI自动化测试","0","登录模块","1","0","性能","0"
"0","OpenCart UI自动化测试","0","注册模块","1","0","异常注册","0"
"0","OpenCart前台电商系统","0","结算下单模块","1","0","正向完整结算流程","0"
"0","OpenCart UI自动化测试","0","登录模块","2","0","字段校验","0"
"0","OpenCart UI自动化测试","0","注册模块","1","0","正向注册","0"
"0","OpenCart UI自动化测试","0","登录模块","2","0","异常登录","0"
"0","OpenCart UI自动化测试","0","登录模块","1","0","正向登录","0"
